{
  "request_throughput": {
    "unit": "requests/sec",
    "avg": 2.1284619964892046
  },
  "request_latency": {
    "unit": "ms",
    "avg": 939.10249275,
    "p25": 934.34292325,
    "p50": 942.1738399999999,
    "p75": 950.558457,
    "p90": 954.3417258999999,
    "p95": 956.0231851,
    "p99": 956.22139462,
    "min": 909.202831,
    "max": 956.270947,
    "std": 14.594989947759245
  },
  "request_count": {
    "unit": "count",
    "avg": 20.0
  },
  "time_to_first_token": {
    "unit": "ms",
    "avg": 65.610051,
    "p25": 58.808136,
    "p50": 60.8259755,
    "p75": 65.583094,
    "p90": 86.5093227,
    "p95": 87.20106179999999,
    "p99": 87.28262195999999,
    "min": 56.695938999999996,
    "max": 87.303012,
    "std": 10.613758639118553
  },
  "time_to_second_token": {
    "unit": "ms",
    "avg": 33.69157595,
    "p25": 27.4224775,
    "p50": 27.956826999999997,
    "p75": 30.584584,
    "p90": 56.42681339999999,
    "p95": 56.4798921,
    "p99": 56.55297521999999,
    "min": 27.250733,
    "max": 56.571245999999995,
    "std": 11.264672352895095
  },
  "inter_token_latency": {
    "unit": "ms",
    "avg": 28.2231736,
    "p25": 27.71460375,
    "p50": 28.4272885,
    "p75": 28.688214249999998,
    "p90": 28.785913899999997,
    "p95": 28.945666499999998,
    "p99": 28.9487293,
    "min": 27.213545,
    "max": 28.949495,
    "std": 0.570794487669634
  },
  "output_token_throughput": {
    "unit": "tokens/sec",
    "avg": 68.0043607878301
  },
  "output_token_throughput_per_user": {
    "unit": "tokens/sec/user",
    "avg": 35.44654095734021,
    "p25": 34.85756240595004,
    "p50": 35.17746773092282,
    "p75": 36.08227235321836,
    "p90": 36.58095803703227,
    "p95": 36.74520249010813,
    "p99": 36.74616608382826,
    "min": 34.54291689716867,
    "max": 36.746406982258286,
    "std": 0.7251769170706284
  },
  "output_sequence_length": {
    "unit": "tokens",
    "avg": 31.95,
    "p25": 32.0,
    "p50": 32.0,
    "p75": 32.0,
    "p90": 32.0,
    "p95": 32.0,
    "p99": 32.0,
    "min": 31.0,
    "max": 32.0,
    "std": 0.21794494717703367
  },
  "input_sequence_length": {
    "unit": "tokens",
    "avg": 128.0,
    "p25": 128.0,
    "p50": 128.0,
    "p75": 128.0,
    "p90": 128.0,
    "p95": 128.0,
    "p99": 128.0,
    "min": 128.0,
    "max": 128.0,
    "std": 0.0
  },
  "input_config": {
    "model_names": [
      "Qwen/Qwen3-0.6B"
    ],
    "subcommand": "profile",
    "verbose": false,
    "template_filename": "genai_perf_config.yaml",
    "analyze": {
      "sweep_parameters": {
        "concurrency": {
          "min": 1,
          "max": 1024
        }
      }
    },
    "endpoint": {
      "model_selection_strategy": "round_robin",
      "backend": "tensorrtllm",
      "custom": "v1/chat/completions",
      "type": "chat",
      "streaming": true,
      "server_metrics_urls": [
        "http://localhost:8002/metrics"
      ],
      "url": "http://localhost:8000",
      "grpc_method": "",
      "service_kind": "openai",
      "output_format": "openai_chat_completions"
    },
    "perf_analyzer": {
      "path": "perf_analyzer",
      "verbose": false,
      "stimulus": {
        "concurrency": 2
      },
      "stability_percentage": 999,
      "measurement": {
        "mode": "request_count",
        "num": 20
      },
      "warmup_request_count": 4
    },
    "input": {
      "batch_size": 1,
      "extra": {
        "max_tokens": 32,
        "min_tokens": 32,
        "ignore_eos": true,
        "nvext": {
          "ignore_eos": true
        }
      },
      "goodput": "",
      "header": "",
      "file": "",
      "num_dataset_entries": 24,
      "random_seed": 100,
      "audio": {
        "batch_size": 1,
        "length": {
          "mean": 0,
          "stddev": 0
        },
        "format": "wav",
        "depths": [
          16
        ],
        "sample_rates": [
          16
        ],
        "num_channels": 1
      },
      "image": {
        "width": {
          "mean": 0,
          "stddev": 0
        },
        "height": {
          "mean": 0,
          "stddev": 0
        },
        "batch_size": 1,
        "format": "png"
      },
      "output_tokens": {
        "mean": 32,
        "deterministic": false,
        "stddev": 0
      },
      "synthetic_tokens": {
        "mean": 128,
        "stddev": 0
      },
      "prefix_prompt": {
        "num": 0,
        "length": 100
      },
      "sessions": {
        "num": 0,
        "turns": {
          "mean": 1,
          "stddev": 0
        },
        "turn_delay": {
          "mean": 0,
          "ratio": 1.0,
          "stddev": 0
        }
      },
      "prompt_source": "synthetic",
      "synthetic_files": [],
      "payload_file": ""
    },
    "output": {
      "artifact_directory": "artifacts_root/artifacts_1",
      "checkpoint_directory": "checkpoint",
      "profile_export_file": "profile_export.json",
      "generate_plots": false
    },
    "tokenizer": {
      "name": "Qwen/Qwen3-0.6B",
      "revision": "main",
      "trust_remote_code": false
    }
  }
}