{
  "request_throughput": {
    "unit": "requests/sec",
    "avg": 0.5237146416092876
  },
  "request_latency": {
    "unit": "ms",
    "avg": 7635.995818225,
    "p25": 7515.644819249999,
    "p50": 7561.2466925,
    "p75": 7674.22388925,
    "p90": 7813.1162487,
    "p95": 8221.2142892,
    "p99": 8221.67719119,
    "min": 7386.693502,
    "max": 8221.874796,
    "std": 219.63491986855317
  },
  "request_count": {
    "unit": "count",
    "avg": 40.0
  },
  "time_to_first_token": {
    "unit": "ms",
    "avg": 135.72978035,
    "p25": 95.05716174999999,
    "p50": 137.4491725,
    "p75": 179.792384,
    "p90": 182.0954463,
    "p95": 184.22020055000002,
    "p99": 203.18661655999998,
    "min": 88.28556999999999,
    "max": 214.99593199999998,
    "std": 37.56818298931467
  },
  "time_to_second_token": {
    "unit": "ms",
    "avg": 54.581305825,
    "p25": 29.872628749999997,
    "p50": 33.394698999999996,
    "p75": 68.33498775,
    "p90": 123.71780079999999,
    "p95": 144.51310725,
    "p99": 145.25727831,
    "min": 28.047421,
    "max": 145.45577699999998,
    "std": 35.22114490778775
  },
  "inter_token_latency": {
    "unit": "ms",
    "avg": 29.416096425,
    "p25": 28.798309,
    "p50": 29.1756735,
    "p75": 29.599919999999997,
    "p90": 30.3837494,
    "p95": 31.878250949999998,
    "p99": 31.95953369,
    "min": 28.594334999999997,
    "max": 32.009777,
    "std": 0.9134132273995951
  },
  "output_token_throughput": {
    "unit": "tokens/sec",
    "avg": 134.0578553859374
  },
  "output_token_throughput_per_user": {
    "unit": "tokens/sec/user",
    "avg": 34.02606944661769,
    "p25": 33.783875094590115,
    "p50": 34.275129935472236,
    "p75": 34.72427339870701,
    "p90": 34.8976338832188,
    "p95": 34.969625650966975,
    "p99": 34.97179849983382,
    "min": 31.240455064713505,
    "max": 34.97196210368243,
    "std": 1.0013468234640903
  },
  "output_sequence_length": {
    "unit": "tokens",
    "avg": 255.975,
    "p25": 256.0,
    "p50": 256.0,
    "p75": 256.0,
    "p90": 256.0,
    "p95": 256.0,
    "p99": 256.61,
    "min": 255.0,
    "max": 257.0,
    "std": 0.27271780286589287
  },
  "input_sequence_length": {
    "unit": "tokens",
    "avg": 1024.0,
    "p25": 1024.0,
    "p50": 1024.0,
    "p75": 1024.0,
    "p90": 1024.0,
    "p95": 1024.0,
    "p99": 1024.0,
    "min": 1024.0,
    "max": 1024.0,
    "std": 0.0
  },
  "input_config": {
    "model_names": [
      "Qwen/Qwen3-0.6B"
    ],
    "subcommand": "profile",
    "verbose": false,
    "template_filename": "genai_perf_config.yaml",
    "analyze": {
      "sweep_parameters": {
        "concurrency": {
          "min": 1,
          "max": 1024
        }
      }
    },
    "endpoint": {
      "model_selection_strategy": "round_robin",
      "backend": "tensorrtllm",
      "custom": "v1/chat/completions",
      "type": "chat",
      "streaming": true,
      "server_metrics_urls": [
        "http://localhost:8002/metrics"
      ],
      "url": "http://localhost:8000",
      "grpc_method": "",
      "service_kind": "openai",
      "output_format": "openai_chat_completions"
    },
    "perf_analyzer": {
      "path": "perf_analyzer",
      "verbose": false,
      "stimulus": {
        "concurrency": 4
      },
      "stability_percentage": 999,
      "measurement": {
        "mode": "request_count",
        "num": 40
      },
      "warmup_request_count": 8
    },
    "input": {
      "batch_size": 1,
      "extra": {
        "max_tokens": 256,
        "min_tokens": 256,
        "ignore_eos": true,
        "nvext": {
          "ignore_eos": true
        }
      },
      "goodput": "",
      "header": "",
      "file": "",
      "num_dataset_entries": 48,
      "random_seed": 100,
      "audio": {
        "batch_size": 1,
        "length": {
          "mean": 0,
          "stddev": 0
        },
        "format": "wav",
        "depths": [
          16
        ],
        "sample_rates": [
          16
        ],
        "num_channels": 1
      },
      "image": {
        "width": {
          "mean": 0,
          "stddev": 0
        },
        "height": {
          "mean": 0,
          "stddev": 0
        },
        "batch_size": 1,
        "format": "png"
      },
      "output_tokens": {
        "mean": 256,
        "deterministic": false,
        "stddev": 0
      },
      "synthetic_tokens": {
        "mean": 1024,
        "stddev": 0
      },
      "prefix_prompt": {
        "num": 0,
        "length": 100
      },
      "sessions": {
        "num": 0,
        "turns": {
          "mean": 1,
          "stddev": 0
        },
        "turn_delay": {
          "mean": 0,
          "ratio": 1.0,
          "stddev": 0
        }
      },
      "prompt_source": "synthetic",
      "synthetic_files": [],
      "payload_file": ""
    },
    "output": {
      "artifact_directory": "artifacts_root/artifacts_0",
      "checkpoint_directory": "checkpoint",
      "profile_export_file": "profile_export.json",
      "generate_plots": false
    },
    "tokenizer": {
      "name": "Qwen/Qwen3-0.6B",
      "revision": "main",
      "trust_remote_code": false
    }
  }
}