{
  "request_throughput": {
    "unit": "requests/sec",
    "avg": 1.115377186316198
  },
  "request_latency": {
    "unit": "ms",
    "avg": 896.2784734999999,
    "p25": 883.0911494999999,
    "p50": 890.7254505,
    "p75": 902.77150175,
    "p90": 925.6113531,
    "p95": 930.8920810499999,
    "p99": 935.1166634099999,
    "min": 871.58386,
    "max": 936.1728089999999,
    "std": 19.34814054839856
  },
  "request_count": {
    "unit": "count",
    "avg": 10.0
  },
  "time_to_first_token": {
    "unit": "ms",
    "avg": 50.1834108,
    "p25": 47.40418125,
    "p50": 48.027812,
    "p75": 49.0643655,
    "p90": 52.728805799999996,
    "p95": 60.578676899999984,
    "p99": 66.85857378,
    "min": 46.423567999999996,
    "max": 68.42854799999999,
    "std": 6.199368038253283
  },
  "time_to_second_token": {
    "unit": "ms",
    "avg": 28.2688213,
    "p25": 27.008522,
    "p50": 27.4048935,
    "p75": 27.698963499999998,
    "p90": 30.453093899999995,
    "p95": 32.689948949999994,
    "p99": 34.47943299,
    "min": 26.693234999999998,
    "max": 34.926804,
    "std": 2.3847448181227295
  },
  "inter_token_latency": {
    "unit": "ms",
    "avg": 27.2933891,
    "p25": 26.912096249999998,
    "p50": 27.200604499999997,
    "p75": 27.55500975,
    "p90": 27.733504699999997,
    "p95": 28.190626849999997,
    "p99": 28.556324569999997,
    "min": 26.52827,
    "max": 28.647748999999997,
    "std": 0.5597981031247694
  },
  "output_token_throughput": {
    "unit": "tokens/sec",
    "avg": 35.69206996211834
  },
  "output_token_throughput_per_user": {
    "unit": "tokens/sec/user",
    "avg": 36.6539989116513,
    "p25": 36.29152908149015,
    "p50": 36.764631744679065,
    "p75": 37.15803500339442,
    "p90": 37.24853413892133,
    "p95": 37.47208488796146,
    "p99": 37.65092548719356,
    "min": 34.90675654830682,
    "max": 37.69563563700159,
    "std": 0.7359730573203165
  },
  "output_sequence_length": {
    "unit": "tokens",
    "avg": 32.0,
    "p25": 32.0,
    "p50": 32.0,
    "p75": 32.0,
    "p90": 32.0,
    "p95": 32.0,
    "p99": 32.0,
    "min": 32.0,
    "max": 32.0,
    "std": 0.0
  },
  "input_sequence_length": {
    "unit": "tokens",
    "avg": 128.0,
    "p25": 128.0,
    "p50": 128.0,
    "p75": 128.0,
    "p90": 128.0,
    "p95": 128.0,
    "p99": 128.0,
    "min": 128.0,
    "max": 128.0,
    "std": 0.0
  },
  "input_config": {
    "model_names": [
      "Qwen/Qwen3-0.6B"
    ],
    "subcommand": "profile",
    "verbose": false,
    "template_filename": "genai_perf_config.yaml",
    "analyze": {
      "sweep_parameters": {
        "concurrency": {
          "min": 1,
          "max": 1024
        }
      }
    },
    "endpoint": {
      "model_selection_strategy": "round_robin",
      "backend": "tensorrtllm",
      "custom": "v1/chat/completions",
      "type": "chat",
      "streaming": true,
      "server_metrics_urls": [
        "http://localhost:8002/metrics"
      ],
      "url": "http://localhost:8000",
      "grpc_method": "",
      "service_kind": "openai",
      "output_format": "openai_chat_completions"
    },
    "perf_analyzer": {
      "path": "perf_analyzer",
      "verbose": false,
      "stimulus": {
        "concurrency": 1
      },
      "stability_percentage": 999,
      "measurement": {
        "mode": "request_count",
        "num": 10
      },
      "warmup_request_count": 2
    },
    "input": {
      "batch_size": 1,
      "extra": {
        "max_tokens": 32,
        "min_tokens": 32,
        "ignore_eos": true,
        "nvext": {
          "ignore_eos": true
        }
      },
      "goodput": "",
      "header": "",
      "file": "",
      "num_dataset_entries": 12,
      "random_seed": 100,
      "audio": {
        "batch_size": 1,
        "length": {
          "mean": 0,
          "stddev": 0
        },
        "format": "wav",
        "depths": [
          16
        ],
        "sample_rates": [
          16
        ],
        "num_channels": 1
      },
      "image": {
        "width": {
          "mean": 0,
          "stddev": 0
        },
        "height": {
          "mean": 0,
          "stddev": 0
        },
        "batch_size": 1,
        "format": "png"
      },
      "output_tokens": {
        "mean": 32,
        "deterministic": false,
        "stddev": 0
      },
      "synthetic_tokens": {
        "mean": 128,
        "stddev": 0
      },
      "prefix_prompt": {
        "num": 0,
        "length": 100
      },
      "sessions": {
        "num": 0,
        "turns": {
          "mean": 1,
          "stddev": 0
        },
        "turn_delay": {
          "mean": 0,
          "ratio": 1.0,
          "stddev": 0
        }
      },
      "prompt_source": "synthetic",
      "synthetic_files": [],
      "payload_file": ""
    },
    "output": {
      "artifact_directory": "artifacts_root/artifacts_1",
      "checkpoint_directory": "checkpoint",
      "profile_export_file": "profile_export.json",
      "generate_plots": false
    },
    "tokenizer": {
      "name": "Qwen/Qwen3-0.6B",
      "revision": "main",
      "trust_remote_code": false
    }
  }
}