{
  "request_throughput": {
    "unit": "requests/sec",
    "avg": 1.922094930067533
  },
  "request_latency": {
    "unit": "ms",
    "avg": 8304.74224085,
    "p25": 8139.049064999999,
    "p50": 8205.063112,
    "p75": 8468.12220475,
    "p90": 9493.031164999993,
    "p95": 10611.65542335,
    "p99": 10627.38845823,
    "min": 6156.7457699999995,
    "max": 10630.022363,
    "std": 1078.0051545746635
  },
  "request_count": {
    "unit": "count",
    "avg": 160.0
  },
  "time_to_first_token": {
    "unit": "ms",
    "avg": 1285.3971987374998,
    "p25": 368.8008575,
    "p50": 1060.4436895,
    "p75": 1744.1436565,
    "p90": 2305.7483035,
    "p95": 2331.9358240499996,
    "p99": 2409.58357075,
    "min": 180.070201,
    "max": 2415.185099,
    "std": 751.0209237612835
  },
  "time_to_second_token": {
    "unit": "ms",
    "avg": 692.10682094375,
    "p25": 47.448018,
    "p50": 740.9876165,
    "p75": 1439.92230825,
    "p90": 1473.4204342,
    "p95": 1992.07506645,
    "p99": 2163.65347742,
    "min": 35.485918,
    "max": 2198.605041,
    "std": 655.1456023824172
  },
  "inter_token_latency": {
    "unit": "ms",
    "avg": 47.107661881249996,
    "p25": 40.5022215,
    "p50": 47.239913,
    "p75": 49.39982325,
    "p90": 56.6120685,
    "p95": 60.4385262,
    "p99": 65.13422013,
    "min": 39.261551,
    "max": 69.661074,
    "std": 6.7633312690553975
  },
  "output_token_throughput": {
    "unit": "tokens/sec",
    "avg": 288.32625260344287
  },
  "output_token_throughput_per_user": {
    "unit": "tokens/sec/user",
    "avg": 21.63258191681325,
    "p25": 20.242988562388106,
    "p50": 21.168680813685974,
    "p75": 24.6901034795013,
    "p90": 25.38761201465138,
    "p95": 25.457903870637363,
    "p99": 25.467949771466095,
    "min": 14.35521938694198,
    "max": 25.470211301637065,
    "std": 2.858048613381389
  },
  "output_sequence_length": {
    "unit": "tokens",
    "avg": 150.00625,
    "p25": 150.0,
    "p50": 150.0,
    "p75": 150.0,
    "p90": 150.0,
    "p95": 150.0,
    "p99": 150.0,
    "min": 150.0,
    "max": 151.0,
    "std": 0.07880950133074058
  },
  "input_sequence_length": {
    "unit": "tokens",
    "avg": 3000.0,
    "p25": 3000.0,
    "p50": 3000.0,
    "p75": 3000.0,
    "p90": 3000.0,
    "p95": 3000.0,
    "p99": 3000.0,
    "min": 3000.0,
    "max": 3000.0,
    "std": 0.0
  },
  "input_config": {
    "model_names": [
      "Qwen/Qwen3-0.6B"
    ],
    "subcommand": "profile",
    "verbose": false,
    "template_filename": "genai_perf_config.yaml",
    "analyze": {
      "sweep_parameters": {
        "concurrency": {
          "min": 1,
          "max": 1024
        }
      }
    },
    "endpoint": {
      "model_selection_strategy": "round_robin",
      "backend": "tensorrtllm",
      "custom": "v1/chat/completions",
      "type": "chat",
      "streaming": true,
      "server_metrics_urls": [
        "http://localhost:8002/metrics"
      ],
      "url": "http://localhost:8000",
      "grpc_method": "",
      "service_kind": "openai",
      "output_format": "openai_chat_completions"
    },
    "perf_analyzer": {
      "path": "perf_analyzer",
      "verbose": false,
      "stimulus": {
        "concurrency": 16
      },
      "stability_percentage": 999,
      "measurement": {
        "mode": "request_count",
        "num": 160
      },
      "warmup_request_count": 32
    },
    "input": {
      "batch_size": 1,
      "extra": {
        "max_tokens": 150,
        "min_tokens": 150,
        "ignore_eos": true,
        "nvext": {
          "ignore_eos": true
        }
      },
      "goodput": "",
      "header": "",
      "file": "",
      "num_dataset_entries": 192,
      "random_seed": 100,
      "audio": {
        "batch_size": 1,
        "length": {
          "mean": 0,
          "stddev": 0
        },
        "format": "wav",
        "depths": [
          16
        ],
        "sample_rates": [
          16
        ],
        "num_channels": 1
      },
      "image": {
        "width": {
          "mean": 0,
          "stddev": 0
        },
        "height": {
          "mean": 0,
          "stddev": 0
        },
        "batch_size": 1,
        "format": "png"
      },
      "output_tokens": {
        "mean": 150,
        "deterministic": false,
        "stddev": 0
      },
      "synthetic_tokens": {
        "mean": 3000,
        "stddev": 0
      },
      "prefix_prompt": {
        "num": 0,
        "length": 100
      },
      "sessions": {
        "num": 0,
        "turns": {
          "mean": 1,
          "stddev": 0
        },
        "turn_delay": {
          "mean": 0,
          "ratio": 1.0,
          "stddev": 0
        }
      },
      "prompt_source": "synthetic",
      "synthetic_files": [],
      "payload_file": ""
    },
    "output": {
      "artifact_directory": "artifacts_root/artifacts_2",
      "checkpoint_directory": "checkpoint",
      "profile_export_file": "profile_export.json",
      "generate_plots": false
    },
    "tokenizer": {
      "name": "Qwen/Qwen3-0.6B",
      "revision": "main",
      "trust_remote_code": false
    }
  }
}