{
  "request_throughput": {
    "unit": "requests/sec",
    "avg": 1.431883487378311
  },
  "request_latency": {
    "unit": "ms",
    "avg": 5580.1255453,
    "p25": 4841.439303,
    "p50": 5728.162256,
    "p75": 5772.799803,
    "p90": 6385.917033900007,
    "p95": 7168.92719725,
    "p99": 7171.90486106,
    "min": 4785.131735,
    "max": 7171.939372999999,
    "std": 727.6204211463472
  },
  "request_count": {
    "unit": "count",
    "avg": 80.0
  },
  "time_to_first_token": {
    "unit": "ms",
    "avg": 536.848099475,
    "p25": 196.79563575,
    "p50": 218.910453,
    "p75": 899.25958525,
    "p90": 1151.8704917999999,
    "p95": 1178.3521837,
    "p99": 1188.4316110999998,
    "min": 127.91899099999999,
    "max": 1191.7034039999999,
    "std": 403.3981930090196
  },
  "time_to_second_token": {
    "unit": "ms",
    "avg": 186.2264217375,
    "p25": 35.248087749999996,
    "p50": 78.76346199999999,
    "p75": 300.032667,
    "p90": 347.2933784000036,
    "p95": 843.65191745,
    "p99": 988.04644675,
    "min": 28.312708999999998,
    "max": 991.874609,
    "std": 246.0862259367249
  },
  "inter_token_latency": {
    "unit": "ms",
    "avg": 33.8581230875,
    "p25": 31.155496499999998,
    "p50": 31.597679,
    "p75": 35.468095999999996,
    "p90": 41.032442800000005,
    "p95": 42.0661037,
    "p99": 43.05303964999997,
    "min": 30.528685999999997,
    "max": 46.683536,
    "std": 4.166612841754319
  },
  "output_token_throughput": {
    "unit": "tokens/sec",
    "avg": 214.71092893237773
  },
  "output_token_throughput_per_user": {
    "unit": "tokens/sec/user",
    "avg": 29.929230919391784,
    "p25": 28.197787088762446,
    "p50": 31.64789416100315,
    "p75": 32.09706512024553,
    "p90": 32.444780292288016,
    "p95": 32.73279465760568,
    "p99": 32.74347824916123,
    "min": 21.420828105223222,
    "max": 32.75607734967696,
    "std": 3.2133962518821773
  },
  "output_sequence_length": {
    "unit": "tokens",
    "avg": 149.95,
    "p25": 150.0,
    "p50": 150.0,
    "p75": 150.0,
    "p90": 150.0,
    "p95": 150.0,
    "p99": 150.0,
    "min": 148.0,
    "max": 150.0,
    "std": 0.26925824035672524
  },
  "input_sequence_length": {
    "unit": "tokens",
    "avg": 3000.0,
    "p25": 3000.0,
    "p50": 3000.0,
    "p75": 3000.0,
    "p90": 3000.0,
    "p95": 3000.0,
    "p99": 3000.0,
    "min": 3000.0,
    "max": 3000.0,
    "std": 0.0
  },
  "input_config": {
    "model_names": [
      "Qwen/Qwen3-0.6B"
    ],
    "subcommand": "profile",
    "verbose": false,
    "template_filename": "genai_perf_config.yaml",
    "analyze": {
      "sweep_parameters": {
        "concurrency": {
          "min": 1,
          "max": 1024
        }
      }
    },
    "endpoint": {
      "model_selection_strategy": "round_robin",
      "backend": "tensorrtllm",
      "custom": "v1/chat/completions",
      "type": "chat",
      "streaming": true,
      "server_metrics_urls": [
        "http://localhost:8002/metrics"
      ],
      "url": "http://localhost:8000",
      "grpc_method": "",
      "service_kind": "openai",
      "output_format": "openai_chat_completions"
    },
    "perf_analyzer": {
      "path": "perf_analyzer",
      "verbose": false,
      "stimulus": {
        "concurrency": 8
      },
      "stability_percentage": 999,
      "measurement": {
        "mode": "request_count",
        "num": 80
      },
      "warmup_request_count": 16
    },
    "input": {
      "batch_size": 1,
      "extra": {
        "max_tokens": 150,
        "min_tokens": 150,
        "ignore_eos": true,
        "nvext": {
          "ignore_eos": true
        }
      },
      "goodput": "",
      "header": "",
      "file": "",
      "num_dataset_entries": 96,
      "random_seed": 100,
      "audio": {
        "batch_size": 1,
        "length": {
          "mean": 0,
          "stddev": 0
        },
        "format": "wav",
        "depths": [
          16
        ],
        "sample_rates": [
          16
        ],
        "num_channels": 1
      },
      "image": {
        "width": {
          "mean": 0,
          "stddev": 0
        },
        "height": {
          "mean": 0,
          "stddev": 0
        },
        "batch_size": 1,
        "format": "png"
      },
      "output_tokens": {
        "mean": 150,
        "deterministic": false,
        "stddev": 0
      },
      "synthetic_tokens": {
        "mean": 3000,
        "stddev": 0
      },
      "prefix_prompt": {
        "num": 0,
        "length": 100
      },
      "sessions": {
        "num": 0,
        "turns": {
          "mean": 1,
          "stddev": 0
        },
        "turn_delay": {
          "mean": 0,
          "ratio": 1.0,
          "stddev": 0
        }
      },
      "prompt_source": "synthetic",
      "synthetic_files": [],
      "payload_file": ""
    },
    "output": {
      "artifact_directory": "artifacts_root/artifacts_2",
      "checkpoint_directory": "checkpoint",
      "profile_export_file": "profile_export.json",
      "generate_plots": false
    },
    "tokenizer": {
      "name": "Qwen/Qwen3-0.6B",
      "revision": "main",
      "trust_remote_code": false
    }
  }
}