{
  "request_throughput": {
    "unit": "requests/sec",
    "avg": 1.0828242136072634
  },
  "request_latency": {
    "unit": "ms",
    "avg": 923.1966657999999,
    "p25": 914.6127134999999,
    "p50": 923.5563189999999,
    "p75": 928.3566542499999,
    "p90": 938.0101553,
    "p95": 938.13534665,
    "p99": 938.23549973,
    "min": 911.31624,
    "max": 938.260538,
    "std": 9.485334217689186
  },
  "request_count": {
    "unit": "count",
    "avg": 10.0
  },
  "time_to_first_token": {
    "unit": "ms",
    "avg": 53.5865175,
    "p25": 50.730264999999996,
    "p50": 51.5094715,
    "p75": 51.746779249999996,
    "p90": 54.32470539999999,
    "p95": 64.70068569999997,
    "p99": 73.00146993999999,
    "min": 50.27268,
    "max": 75.076666,
    "std": 7.184878496965292
  },
  "time_to_second_token": {
    "unit": "ms",
    "avg": 27.9628885,
    "p25": 27.619367,
    "p50": 27.821063499999998,
    "p75": 28.4130315,
    "p90": 28.6183233,
    "p95": 28.78645365,
    "p99": 28.92095793,
    "min": 27.18525,
    "max": 28.954583999999997,
    "std": 0.5320361494673552
  },
  "inter_token_latency": {
    "unit": "ms",
    "avg": 28.0519403,
    "p25": 27.820518,
    "p50": 28.016740499999997,
    "p75": 28.2028845,
    "p90": 28.340929799999998,
    "p95": 28.484060399999997,
    "p99": 28.598564879999998,
    "min": 27.727531,
    "max": 28.627191,
    "std": 0.27189352727273586
  },
  "output_token_throughput": {
    "unit": "tokens/sec",
    "avg": 34.65037483543243
  },
  "output_token_throughput_per_user": {
    "unit": "tokens/sec/user",
    "avg": 35.65148638070569,
    "p25": 35.457366307239646,
    "p50": 35.69306466034357,
    "p75": 35.944702771980054,
    "p90": 36.02512077616922,
    "p95": 36.04517930391956,
    "p99": 36.061226126119834,
    "min": 34.93182408291474,
    "max": 36.065237831669904,
    "std": 0.34341493559550823
  },
  "output_sequence_length": {
    "unit": "tokens",
    "avg": 32.0,
    "p25": 32.0,
    "p50": 32.0,
    "p75": 32.0,
    "p90": 32.0,
    "p95": 32.0,
    "p99": 32.0,
    "min": 32.0,
    "max": 32.0,
    "std": 0.0
  },
  "input_sequence_length": {
    "unit": "tokens",
    "avg": 320.0,
    "p25": 320.0,
    "p50": 320.0,
    "p75": 320.0,
    "p90": 320.0,
    "p95": 320.0,
    "p99": 320.0,
    "min": 320.0,
    "max": 320.0,
    "std": 0.0
  },
  "input_config": {
    "model_names": [
      "Qwen/Qwen3-0.6B"
    ],
    "subcommand": "profile",
    "verbose": false,
    "template_filename": "genai_perf_config.yaml",
    "analyze": {
      "sweep_parameters": {
        "concurrency": {
          "min": 1,
          "max": 1024
        }
      }
    },
    "endpoint": {
      "model_selection_strategy": "round_robin",
      "backend": "tensorrtllm",
      "custom": "v1/chat/completions",
      "type": "chat",
      "streaming": true,
      "server_metrics_urls": [
        "http://localhost:8002/metrics"
      ],
      "url": "http://localhost:8000",
      "grpc_method": "",
      "service_kind": "openai",
      "output_format": "openai_chat_completions"
    },
    "perf_analyzer": {
      "path": "perf_analyzer",
      "verbose": false,
      "stimulus": {
        "concurrency": 1
      },
      "stability_percentage": 999,
      "measurement": {
        "mode": "request_count",
        "num": 10
      },
      "warmup_request_count": 2
    },
    "input": {
      "batch_size": 1,
      "extra": {
        "max_tokens": 32,
        "min_tokens": 32,
        "ignore_eos": true,
        "nvext": {
          "ignore_eos": true
        }
      },
      "goodput": "",
      "header": "",
      "file": "",
      "num_dataset_entries": 12,
      "random_seed": 100,
      "audio": {
        "batch_size": 1,
        "length": {
          "mean": 0,
          "stddev": 0
        },
        "format": "wav",
        "depths": [
          16
        ],
        "sample_rates": [
          16
        ],
        "num_channels": 1
      },
      "image": {
        "width": {
          "mean": 0,
          "stddev": 0
        },
        "height": {
          "mean": 0,
          "stddev": 0
        },
        "batch_size": 1,
        "format": "png"
      },
      "output_tokens": {
        "mean": 32,
        "deterministic": false,
        "stddev": 0
      },
      "synthetic_tokens": {
        "mean": 320,
        "stddev": 0
      },
      "prefix_prompt": {
        "num": 0,
        "length": 100
      },
      "sessions": {
        "num": 0,
        "turns": {
          "mean": 1,
          "stddev": 0
        },
        "turn_delay": {
          "mean": 0,
          "ratio": 1.0,
          "stddev": 0
        }
      },
      "prompt_source": "synthetic",
      "synthetic_files": [],
      "payload_file": ""
    },
    "output": {
      "artifact_directory": "artifacts_root/artifacts_3",
      "checkpoint_directory": "checkpoint",
      "profile_export_file": "profile_export.json",
      "generate_plots": false
    },
    "tokenizer": {
      "name": "Qwen/Qwen3-0.6B",
      "revision": "main",
      "trust_remote_code": false
    }
  }
}