{
  "request_throughput": {
    "unit": "requests/sec",
    "avg": 2.196763908256885
  },
  "request_latency": {
    "unit": "ms",
    "avg": 26633.03091073594,
    "p25": 22311.732922249998,
    "p50": 22532.7570285,
    "p75": 23073.629504999997,
    "p90": 44970.4701132,
    "p95": 45195.602885349996,
    "p99": 45253.0917907,
    "min": 4279.918906,
    "max": 45305.681848,
    "std": 9739.926038341511
  },
  "request_count": {
    "unit": "count",
    "avg": 640.0
  },
  "time_to_first_token": {
    "unit": "ms",
    "avg": 8491.775483637499,
    "p25": 3501.25023525,
    "p50": 5519.782161,
    "p75": 7086.9028055,
    "p90": 23778.853700099997,
    "p95": 24183.120932299997,
    "p99": 24805.48103353,
    "min": 138.056244,
    "max": 25012.403169999998,
    "std": 7820.454998384687
  },
  "time_to_second_token": {
    "unit": "ms",
    "avg": 3213.0906599453124,
    "p25": 1187.1169949999999,
    "p50": 3175.9130015,
    "p75": 5186.98901525,
    "p90": 6003.8145288,
    "p95": 6645.725626899999,
    "p99": 6783.190184439999,
    "min": 28.0367,
    "max": 6976.556589,
    "std": 2049.055862892139
  },
  "inter_token_latency": {
    "unit": "ms",
    "avg": 121.7693910671875,
    "p25": 110.7255465,
    "p50": 122.7553195,
    "p75": 135.93691425,
    "p90": 143.6882489,
    "p95": 146.14264029999998,
    "p99": 168.62788296000002,
    "min": 27.797736,
    "max": 213.541001,
    "std": 21.846220961620904
  },
  "output_token_throughput": {
    "unit": "tokens/sec",
    "avg": 329.473396915253
  },
  "output_token_throughput_per_user": {
    "unit": "tokens/sec/user",
    "avg": 8.63754731422372,
    "p25": 7.3563540716850175,
    "p50": 8.146286508186751,
    "p75": 9.03133977220774,
    "p90": 9.689030379121917,
    "p95": 12.769301540886438,
    "p99": 22.981917434176875,
    "min": 4.6829414272531205,
    "max": 35.97415271517076,
    "std": 2.798008828725211
  },
  "output_sequence_length": {
    "unit": "tokens",
    "avg": 149.98125,
    "p25": 150.0,
    "p50": 150.0,
    "p75": 150.0,
    "p90": 150.0,
    "p95": 150.0,
    "p99": 150.0,
    "min": 148.0,
    "max": 151.0,
    "std": 0.17577951388031543
  },
  "input_sequence_length": {
    "unit": "tokens",
    "avg": 3000.0,
    "p25": 3000.0,
    "p50": 3000.0,
    "p75": 3000.0,
    "p90": 3000.0,
    "p95": 3000.0,
    "p99": 3000.0,
    "min": 3000.0,
    "max": 3000.0,
    "std": 0.0
  },
  "input_config": {
    "model_names": [
      "Qwen/Qwen3-0.6B"
    ],
    "subcommand": "profile",
    "verbose": false,
    "template_filename": "genai_perf_config.yaml",
    "analyze": {
      "sweep_parameters": {
        "concurrency": {
          "min": 1,
          "max": 1024
        }
      }
    },
    "endpoint": {
      "model_selection_strategy": "round_robin",
      "backend": "tensorrtllm",
      "custom": "v1/chat/completions",
      "type": "chat",
      "streaming": true,
      "server_metrics_urls": [
        "http://localhost:8002/metrics"
      ],
      "url": "http://localhost:8000",
      "grpc_method": "",
      "service_kind": "openai",
      "output_format": "openai_chat_completions"
    },
    "perf_analyzer": {
      "path": "perf_analyzer",
      "verbose": false,
      "stimulus": {
        "concurrency": 64
      },
      "stability_percentage": 999,
      "measurement": {
        "mode": "request_count",
        "num": 640
      },
      "warmup_request_count": 128
    },
    "input": {
      "batch_size": 1,
      "extra": {
        "max_tokens": 150,
        "min_tokens": 150,
        "ignore_eos": true,
        "nvext": {
          "ignore_eos": true
        }
      },
      "goodput": "",
      "header": "",
      "file": "",
      "num_dataset_entries": 768,
      "random_seed": 100,
      "audio": {
        "batch_size": 1,
        "length": {
          "mean": 0,
          "stddev": 0
        },
        "format": "wav",
        "depths": [
          16
        ],
        "sample_rates": [
          16
        ],
        "num_channels": 1
      },
      "image": {
        "width": {
          "mean": 0,
          "stddev": 0
        },
        "height": {
          "mean": 0,
          "stddev": 0
        },
        "batch_size": 1,
        "format": "png"
      },
      "output_tokens": {
        "mean": 150,
        "deterministic": false,
        "stddev": 0
      },
      "synthetic_tokens": {
        "mean": 3000,
        "stddev": 0
      },
      "prefix_prompt": {
        "num": 0,
        "length": 100
      },
      "sessions": {
        "num": 0,
        "turns": {
          "mean": 1,
          "stddev": 0
        },
        "turn_delay": {
          "mean": 0,
          "ratio": 1.0,
          "stddev": 0
        }
      },
      "prompt_source": "synthetic",
      "synthetic_files": [],
      "payload_file": ""
    },
    "output": {
      "artifact_directory": "artifacts_root/artifacts_2",
      "checkpoint_directory": "checkpoint",
      "profile_export_file": "profile_export.json",
      "generate_plots": false
    },
    "tokenizer": {
      "name": "Qwen/Qwen3-0.6B",
      "revision": "main",
      "trust_remote_code": false
    }
  }
}