{
  "request_throughput": {
    "unit": "requests/sec",
    "avg": 0.23224418932287816
  },
  "request_latency": {
    "unit": "ms",
    "avg": 4305.2668571,
    "p25": 4117.94230325,
    "p50": 4129.814502499999,
    "p75": 4186.261028,
    "p90": 4360.5529971999995,
    "p95": 5085.056211099998,
    "p99": 5664.65878222,
    "min": 4071.12655,
    "max": 5809.5594249999995,
    "std": 502.80713252802025
  },
  "request_count": {
    "unit": "count",
    "avg": 10.0
  },
  "time_to_first_token": {
    "unit": "ms",
    "avg": 119.3625517,
    "p25": 129.00818775,
    "p50": 132.38374299999998,
    "p75": 133.39136349999998,
    "p90": 134.200525,
    "p95": 134.21420949999998,
    "p99": 134.2251571,
    "min": 63.304012,
    "max": 134.227894,
    "std": 26.27801958347385
  },
  "time_to_second_token": {
    "unit": "ms",
    "avg": 28.5114344,
    "p25": 27.05826725,
    "p50": 27.44662,
    "p75": 29.098826749999997,
    "p90": 31.0134439,
    "p95": 32.804668449999994,
    "p99": 34.23764809,
    "min": 26.592457999999997,
    "max": 34.595893,
    "std": 2.360275006757526
  },
  "inter_token_latency": {
    "unit": "ms",
    "avg": 28.0933176,
    "p25": 26.84078675,
    "p50": 26.993252,
    "p75": 27.198368499999997,
    "p90": 28.371238599999998,
    "p95": 33.235133799999986,
    "p99": 37.12624996,
    "min": 26.731154999999998,
    "max": 38.099029,
    "std": 3.340055257513869
  },
  "output_token_throughput": {
    "unit": "tokens/sec",
    "avg": 34.83662839843173
  },
  "output_token_throughput_per_user": {
    "unit": "tokens/sec/user",
    "avg": 35.982471987477915,
    "p25": 36.76706603761104,
    "p50": 37.046755835933446,
    "p75": 37.25673315225867,
    "p90": 37.314466479537465,
    "p95": 37.3619992702676,
    "p99": 37.40002550285171,
    "min": 26.24738808960197,
    "max": 37.40953206099774,
    "std": 3.254321771419666
  },
  "output_sequence_length": {
    "unit": "tokens",
    "avg": 150.0,
    "p25": 150.0,
    "p50": 150.0,
    "p75": 150.0,
    "p90": 150.0,
    "p95": 150.0,
    "p99": 150.0,
    "min": 150.0,
    "max": 150.0,
    "std": 0.0
  },
  "input_sequence_length": {
    "unit": "tokens",
    "avg": 3000.0,
    "p25": 3000.0,
    "p50": 3000.0,
    "p75": 3000.0,
    "p90": 3000.0,
    "p95": 3000.0,
    "p99": 3000.0,
    "min": 3000.0,
    "max": 3000.0,
    "std": 0.0
  },
  "input_config": {
    "model_names": [
      "Qwen/Qwen3-0.6B"
    ],
    "subcommand": "profile",
    "verbose": false,
    "template_filename": "genai_perf_config.yaml",
    "analyze": {
      "sweep_parameters": {
        "concurrency": {
          "min": 1,
          "max": 1024
        }
      }
    },
    "endpoint": {
      "model_selection_strategy": "round_robin",
      "backend": "tensorrtllm",
      "custom": "v1/chat/completions",
      "type": "chat",
      "streaming": true,
      "server_metrics_urls": [
        "http://localhost:8002/metrics"
      ],
      "url": "http://localhost:8000",
      "grpc_method": "",
      "service_kind": "openai",
      "output_format": "openai_chat_completions"
    },
    "perf_analyzer": {
      "path": "perf_analyzer",
      "verbose": false,
      "stimulus": {
        "concurrency": 1
      },
      "stability_percentage": 999,
      "measurement": {
        "mode": "request_count",
        "num": 10
      },
      "warmup_request_count": 2
    },
    "input": {
      "batch_size": 1,
      "extra": {
        "max_tokens": 150,
        "min_tokens": 150,
        "ignore_eos": true,
        "nvext": {
          "ignore_eos": true
        }
      },
      "goodput": "",
      "header": "",
      "file": "",
      "num_dataset_entries": 12,
      "random_seed": 100,
      "audio": {
        "batch_size": 1,
        "length": {
          "mean": 0,
          "stddev": 0
        },
        "format": "wav",
        "depths": [
          16
        ],
        "sample_rates": [
          16
        ],
        "num_channels": 1
      },
      "image": {
        "width": {
          "mean": 0,
          "stddev": 0
        },
        "height": {
          "mean": 0,
          "stddev": 0
        },
        "batch_size": 1,
        "format": "png"
      },
      "output_tokens": {
        "mean": 150,
        "deterministic": false,
        "stddev": 0
      },
      "synthetic_tokens": {
        "mean": 3000,
        "stddev": 0
      },
      "prefix_prompt": {
        "num": 0,
        "length": 100
      },
      "sessions": {
        "num": 0,
        "turns": {
          "mean": 1,
          "stddev": 0
        },
        "turn_delay": {
          "mean": 0,
          "ratio": 1.0,
          "stddev": 0
        }
      },
      "prompt_source": "synthetic",
      "synthetic_files": [],
      "payload_file": ""
    },
    "output": {
      "artifact_directory": "artifacts_root/artifacts_2",
      "checkpoint_directory": "checkpoint",
      "profile_export_file": "profile_export.json",
      "generate_plots": false
    },
    "tokenizer": {
      "name": "Qwen/Qwen3-0.6B",
      "revision": "main",
      "trust_remote_code": false
    }
  }
}