{
  "request_throughput": {
    "unit": "requests/sec",
    "avg": 0.27489287200053214
  },
  "request_latency": {
    "unit": "ms",
    "avg": 7274.54965475,
    "p25": 7232.41091925,
    "p50": 7262.4502685,
    "p75": 7323.16299775,
    "p90": 7347.9773337999995,
    "p95": 7353.29180575,
    "p99": 7354.257077949999,
    "min": 7194.021242,
    "max": 7354.498396,
    "std": 50.88712185597468
  },
  "request_count": {
    "unit": "count",
    "avg": 20.0
  },
  "time_to_first_token": {
    "unit": "ms",
    "avg": 80.7412878,
    "p25": 65.037425,
    "p50": 79.367812,
    "p75": 98.65628625,
    "p90": 100.27116809999998,
    "p95": 101.2091925,
    "p99": 102.10137929999999,
    "min": 59.981618,
    "max": 102.32442599999999,
    "std": 16.706153441545915
  },
  "time_to_second_token": {
    "unit": "ms",
    "avg": 45.12798195,
    "p25": 29.0782295,
    "p50": 43.718863999999996,
    "p75": 61.74621175,
    "p90": 63.526400599999995,
    "p95": 63.66622304999999,
    "p99": 63.72972940999999,
    "min": 27.441744,
    "max": 63.745605999999995,
    "std": 16.359531973691897
  },
  "inter_token_latency": {
    "unit": "ms",
    "avg": 28.211013249999997,
    "p25": 28.0647865,
    "p50": 28.1941205,
    "p75": 28.37676475,
    "p90": 28.4930335,
    "p95": 28.5621063,
    "p99": 28.593194859999997,
    "min": 27.819011,
    "max": 28.600966999999997,
    "std": 0.2177207602898435
  },
  "output_token_throughput": {
    "unit": "tokens/sec",
    "avg": 70.37257523213623
  },
  "output_token_throughput_per_user": {
    "unit": "tokens/sec/user",
    "avg": 35.449258050039305,
    "p25": 35.240150482069566,
    "p50": 35.46838794398643,
    "p75": 35.63184161751978,
    "p90": 35.77819967619732,
    "p95": 35.80715293817728,
    "p99": 35.91874334760381,
    "min": 34.96385279560653,
    "max": 35.94664094996044,
    "std": 0.27324132893375386
  },
  "output_sequence_length": {
    "unit": "tokens",
    "avg": 256.0,
    "p25": 256.0,
    "p50": 256.0,
    "p75": 256.0,
    "p90": 256.0,
    "p95": 256.0,
    "p99": 256.0,
    "min": 256.0,
    "max": 256.0,
    "std": 0.0
  },
  "input_sequence_length": {
    "unit": "tokens",
    "avg": 1024.0,
    "p25": 1024.0,
    "p50": 1024.0,
    "p75": 1024.0,
    "p90": 1024.0,
    "p95": 1024.0,
    "p99": 1024.0,
    "min": 1024.0,
    "max": 1024.0,
    "std": 0.0
  },
  "input_config": {
    "model_names": [
      "Qwen/Qwen3-0.6B"
    ],
    "subcommand": "profile",
    "verbose": false,
    "template_filename": "genai_perf_config.yaml",
    "analyze": {
      "sweep_parameters": {
        "concurrency": {
          "min": 1,
          "max": 1024
        }
      }
    },
    "endpoint": {
      "model_selection_strategy": "round_robin",
      "backend": "tensorrtllm",
      "custom": "v1/chat/completions",
      "type": "chat",
      "streaming": true,
      "server_metrics_urls": [
        "http://localhost:8002/metrics"
      ],
      "url": "http://localhost:8000",
      "grpc_method": "",
      "service_kind": "openai",
      "output_format": "openai_chat_completions"
    },
    "perf_analyzer": {
      "path": "perf_analyzer",
      "verbose": false,
      "stimulus": {
        "concurrency": 2
      },
      "stability_percentage": 999,
      "measurement": {
        "mode": "request_count",
        "num": 20
      },
      "warmup_request_count": 4
    },
    "input": {
      "batch_size": 1,
      "extra": {
        "max_tokens": 256,
        "min_tokens": 256,
        "ignore_eos": true,
        "nvext": {
          "ignore_eos": true
        }
      },
      "goodput": "",
      "header": "",
      "file": "",
      "num_dataset_entries": 24,
      "random_seed": 100,
      "audio": {
        "batch_size": 1,
        "length": {
          "mean": 0,
          "stddev": 0
        },
        "format": "wav",
        "depths": [
          16
        ],
        "sample_rates": [
          16
        ],
        "num_channels": 1
      },
      "image": {
        "width": {
          "mean": 0,
          "stddev": 0
        },
        "height": {
          "mean": 0,
          "stddev": 0
        },
        "batch_size": 1,
        "format": "png"
      },
      "output_tokens": {
        "mean": 256,
        "deterministic": false,
        "stddev": 0
      },
      "synthetic_tokens": {
        "mean": 1024,
        "stddev": 0
      },
      "prefix_prompt": {
        "num": 0,
        "length": 100
      },
      "sessions": {
        "num": 0,
        "turns": {
          "mean": 1,
          "stddev": 0
        },
        "turn_delay": {
          "mean": 0,
          "ratio": 1.0,
          "stddev": 0
        }
      },
      "prompt_source": "synthetic",
      "synthetic_files": [],
      "payload_file": ""
    },
    "output": {
      "artifact_directory": "artifacts_root/artifacts_0",
      "checkpoint_directory": "checkpoint",
      "profile_export_file": "profile_export.json",
      "generate_plots": false
    },
    "tokenizer": {
      "name": "Qwen/Qwen3-0.6B",
      "revision": "main",
      "trust_remote_code": false
    }
  }
}