{
  "request_throughput": {
    "unit": "requests/sec",
    "avg": 0.4404719574664807
  },
  "request_latency": {
    "unit": "ms",
    "avg": 4539.7388418,
    "p25": 4317.2749244999995,
    "p50": 4430.327714999999,
    "p75": 4468.5615775,
    "p90": 4628.390963800002,
    "p95": 5917.565169399999,
    "p99": 5917.8608762799995,
    "min": 4256.523445,
    "max": 5917.934803,
    "std": 465.7641011926333
  },
  "request_count": {
    "unit": "count",
    "avg": 20.0
  },
  "time_to_first_token": {
    "unit": "ms",
    "avg": 144.13408105,
    "p25": 95.85751875,
    "p50": 125.1555805,
    "p75": 173.616285,
    "p90": 256.0256308,
    "p95": 261.68106105,
    "p99": 261.75607381,
    "min": 67.091962,
    "max": 261.774827,
    "std": 69.1698317611601
  },
  "time_to_second_token": {
    "unit": "ms",
    "avg": 67.17569795,
    "p25": 29.236250499999997,
    "p50": 49.6325875,
    "p75": 83.465508,
    "p90": 145.18540869999998,
    "p95": 146.09145845,
    "p99": 150.42097248999997,
    "min": 28.036148999999998,
    "max": 151.50335099999998,
    "std": 47.34071188289729
  },
  "inter_token_latency": {
    "unit": "ms",
    "avg": 29.5007031,
    "p25": 28.22919675,
    "p50": 28.343942499999997,
    "p75": 28.917254999999997,
    "p90": 30.091173300000015,
    "p95": 38.9990211,
    "p99": 39.18186342,
    "min": 27.883065,
    "max": 39.227574,
    "std": 3.2220038886382016
  },
  "output_token_throughput": {
    "unit": "tokens/sec",
    "avg": 66.07079361997211
  },
  "output_token_throughput_per_user": {
    "unit": "tokens/sec/user",
    "avg": 34.215554987777566,
    "p25": 34.58160963651637,
    "p50": 35.280907125595604,
    "p75": 35.42450355025625,
    "p90": 35.63387327851043,
    "p95": 35.853386777784166,
    "p99": 35.8619277614932,
    "min": 25.49227234903693,
    "max": 35.864063007420455,
    "std": 2.9144830286289345
  },
  "output_sequence_length": {
    "unit": "tokens",
    "avg": 150.0,
    "p25": 150.0,
    "p50": 150.0,
    "p75": 150.0,
    "p90": 150.0,
    "p95": 150.0,
    "p99": 150.0,
    "min": 150.0,
    "max": 150.0,
    "std": 0.0
  },
  "input_sequence_length": {
    "unit": "tokens",
    "avg": 3000.0,
    "p25": 3000.0,
    "p50": 3000.0,
    "p75": 3000.0,
    "p90": 3000.0,
    "p95": 3000.0,
    "p99": 3000.0,
    "min": 3000.0,
    "max": 3000.0,
    "std": 0.0
  },
  "input_config": {
    "model_names": [
      "Qwen/Qwen3-0.6B"
    ],
    "subcommand": "profile",
    "verbose": false,
    "template_filename": "genai_perf_config.yaml",
    "analyze": {
      "sweep_parameters": {
        "concurrency": {
          "min": 1,
          "max": 1024
        }
      }
    },
    "endpoint": {
      "model_selection_strategy": "round_robin",
      "backend": "tensorrtllm",
      "custom": "v1/chat/completions",
      "type": "chat",
      "streaming": true,
      "server_metrics_urls": [
        "http://localhost:8002/metrics"
      ],
      "url": "http://localhost:8000",
      "grpc_method": "",
      "service_kind": "openai",
      "output_format": "openai_chat_completions"
    },
    "perf_analyzer": {
      "path": "perf_analyzer",
      "verbose": false,
      "stimulus": {
        "concurrency": 2
      },
      "stability_percentage": 999,
      "measurement": {
        "mode": "request_count",
        "num": 20
      },
      "warmup_request_count": 4
    },
    "input": {
      "batch_size": 1,
      "extra": {
        "max_tokens": 150,
        "min_tokens": 150,
        "ignore_eos": true,
        "nvext": {
          "ignore_eos": true
        }
      },
      "goodput": "",
      "header": "",
      "file": "",
      "num_dataset_entries": 24,
      "random_seed": 100,
      "audio": {
        "batch_size": 1,
        "length": {
          "mean": 0,
          "stddev": 0
        },
        "format": "wav",
        "depths": [
          16
        ],
        "sample_rates": [
          16
        ],
        "num_channels": 1
      },
      "image": {
        "width": {
          "mean": 0,
          "stddev": 0
        },
        "height": {
          "mean": 0,
          "stddev": 0
        },
        "batch_size": 1,
        "format": "png"
      },
      "output_tokens": {
        "mean": 150,
        "deterministic": false,
        "stddev": 0
      },
      "synthetic_tokens": {
        "mean": 3000,
        "stddev": 0
      },
      "prefix_prompt": {
        "num": 0,
        "length": 100
      },
      "sessions": {
        "num": 0,
        "turns": {
          "mean": 1,
          "stddev": 0
        },
        "turn_delay": {
          "mean": 0,
          "ratio": 1.0,
          "stddev": 0
        }
      },
      "prompt_source": "synthetic",
      "synthetic_files": [],
      "payload_file": ""
    },
    "output": {
      "artifact_directory": "artifacts_root/artifacts_2",
      "checkpoint_directory": "checkpoint",
      "profile_export_file": "profile_export.json",
      "generate_plots": false
    },
    "tokenizer": {
      "name": "Qwen/Qwen3-0.6B",
      "revision": "main",
      "trust_remote_code": false
    }
  }
}